FileName,LengthOfLongestRepeatingSubcircuit,MaxNumberOfTwoQubitGatesInCriticalPath,NumberOfCriticalPaths,NumberOfCriticalPathsWithMaxTwoQubitsGates,NumberOfGatesInCriticalPath,NumberOfRepetitionsOfLongestRepeatingSubcircuit,PathLengthMean,PathLengthStandardDeviation,SubcircuitIndex
4gt10-v1_81.qasm,32,60,12288,2,84,2,66.07520415440438849530668076,6.856219900023195376485877075,0
aj-e11_165.qasm,33,63,65536,2,86,2,69.54201305046823974907413227,5.688363697717283583374219517,0
4gt11_82.qasm,2,18,2,1,20,2,14.34065934065934065934065934,2.762463386340946699610658715,0
0410184_169.qasm,16,70,2048,1,104,2,85.31642173860061669986299854,6.699322574555266409166336943,0
alu-bdd_288.qasm,4,35,512,0,48,2,40.53778986468559299548951977,3.056861461524677589465070483,0
20QBT_45CYC_0D1_5D2_1.qasm,2,45,105,105,45,2,30.69618543102762548529606329,3.532531784983591490239307363,0
20QBT_45CYC_2D1_2D2_3.qasm,2,29,1,0,45,2,28.89409997017869841488312344,4.347238662477347557031948483,0
15_enc.qasm,0,16,16,16,18,0,13.23645320197044334975369458,3.770935156197125854598206746,0
alu-v0_26.qasm,32,35,64,0,49,2,37.76173201179295565410387892,5.181843956838911622084460566,0
alu-v1_28.qasm,2,16,32,0,22,2,18.68110530246452576549663928,2.611920734048073273622915925,0
20QBT_45CYC_4D1_2D2_4.qasm,3,26,2,0,45,2,32.27069608233887417063278081,4.010473659835475558866947076,0
4gt12-v0_87.qasm,80,94,262144,1,131,2,103.1670820817034762934064813,8.364147796300678192551037336,0
4gt13_92.qasm,32,26,32,1,38,2,29.00040934040375848916178249,4.889186001005994791058208636,0
20QBT_45CYC_0D1_6D2_2.qasm,2,45,900,900,45,2,33.52078917387396104234367215,3.052280121454812614236610769,0
20QBT_45CYC_2D1_3D2_4.qasm,2,30,3,0,45,2,29.16301351829453920140860135,3.420465531422226218434428086,0
54QBT_15CYC_QSE_8.qasm,2,13,767,0,15,2,14.03691739732348869404706968,0.9141876667757916145001419488,0
4gt4-v0_72.qasm,80,95,786432,2,137,2,108.8398043485879651106323845,8.500825567112937929024134065,0
20QBT_45CYC_4D1_3D2_5.qasm,3,30,128,0,45,2,35.96185090783747067404084583,2.853908646363089510132065587,0
4gt5_75.qasm,32,33,64,1,47,2,35.65789811816706682232354604,5.580547251714083359778557731,0
alu-v2_30.qasm,80,199,1099511627776,0,285,2,224.9259076917445896522293814,12.61233074581942476676791196,0
20QBT_45CYC_0D1_7D2_3.qasm,2,45,7220920,7220920,45,2,38.10014076814011082648015816,2.963010206634515045640724676,0
4mod5-bdd_287.qasm,4,31,384,2,41,2,34.29283060875208582853447237,2.405343310196678378915170080,0
20QBT_45CYC_2D1_4D2_5.qasm,3,41,36,0,45,2,33.02563929182391909869620711,2.851191245786452765440352384,0
4mod7-v0_94.qasm,33,66,24576,4,92,2,73.33201794261885074003360999,6.793341548295164318280266250,0
4_49_16.qasm,33,91,4718592,8,125,2,99.95708899049808187824601345,7.521579360608908353584911278,0
20QBT_45CYC_0D1_8D2_4.qasm,3,45,120371339,120371339,45,2,40.39540422343193918946933182,2.142040918382794795143939718,0
alu-v2_31.qasm,67,172,34359738368,8,255,2,194.0250467598569067411669026,13.00219433758630508040378300,0
20QBT_45CYC_2D1_5D2_6.qasm,2,41,7216,0,45,2,36.43447964963326406353786577,2.780120389040242474757277558,0
alu-v3_34.qasm,3,23,192,2,30,2,25.94305066619134619669355198,2.903182148993037593828537853,0
20QBT_45CYC_1D1_1D2_5.qasm,2,22,1,0,45,3,26.55179856115107913669064748,7.354916649660359483729806595,0
16QBT_100CYC_QSE_1.qasm,5,66,173017072,0,100,2,91.80887190215321605018884400,2.497337690677339645590947206,0
20QBT_100CYC_QSE_8.qasm,4,82,875605371051,2400,100,2,94.21706766608340404189458462,2.268827564819526846485985322,0
20QBT_45CYC_4D1_4D2_6.qasm,3,36,5696,12,45,2,38.31215118647865493851561978,2.400757905392203992946503968,0
16QBT_10CYC_TFL_1.qasm,2,7,6,2,10,2,7.655172413793103448275862069,1.514888457688882514729625065,0
alu-v4_36.qasm,32,47,2304,2,66,2,52.92461926101709557381501586,5.969089408207587023449300667,0
16QBT_15CYC_TFL_2.qasm,2,10,36,16,15,2,11.81913043478260869565217391,1.880420658403854293586354489,0
20QBT_45CYC_1D1_2D2_6.qasm,2,27,4,2,45,2,26.65000924434114260056522543,6.074859576501988166819488994,0
basis_change_n3.qasm,8,10,128,128,43,2,35.26016260162601626016260163,5.673841557740328636938550708,0
16QBT_20CYC_TFL_3.qasm,3,14,2,0,20,2,14.14131897711978465679676985,1.903514319976575609743372229,0
20QBT_45CYC_5D1_1D2_7.qasm,4,20,16,0,45,2,34.61813186813186813186813187,4.041953483536738608020907802,0
20QBT_45CYC_1D1_3D2_7.qasm,2,30,16,0,45,2,27.51281522665824845326066182,4.295368848426809192625165782,0
20QBT_45CYC_2D1_6D2_7.qasm,3,43,499196,138,45,2,38.90961228401994868985635015,2.326200285347844224829605042,0
16QBT_35CYC_TFL_6.qasm,4,24,9,0,35,2,24.73515586343394359228104899,2.669275789224974731837484329,0
20QBT_45CYC_3D1_1D2_8.qasm,3,25,4,0,45,2,31.00697292863002461033634126,6.109705342193041149329478182,0
20QBT_45CYC_1D1_4D2_8.qasm,2,36,32,0,45,2,29.68279022542570309194550025,3.467501217010165253281956682,0
16QBT_40CYC_TFL_7.qasm,3,30,2,0,40,2,28.36797646281638794759184273,2.770470500750080051135489588,0
20QBT_45CYC_5D1_2D2_8.qasm,3,23,6,0,45,2,35.14934982151963284038755737,3.361638976659214331370650811,0
20QBT_45CYC_3D1_2D2_9.qasm,3,25,4,0,45,2,29.98961411804441442202144727,4.790952517997832252391577434,0
20QBT_45CYC_1D1_5D2_9.qasm,3,42,9,0,45,2,31.92044324498451756626394411,2.880730209716189505307115723,0
20QBT_45CYC_5D1_3D2_9.qasm,3,29,1460,0,45,2,39.14491053595048683148315893,2.448404795849844180042846969,0
20QBT_45CYC_3D1_3D2_0.qasm,4,28,48,0,45,2,32.23715352401904665114318765,4.097824806584092297379943787,0
20QBT_45CYC_1D1_6D2_0.qasm,3,43,47002,4752,45,2,36.43910160812099763906582319,2.818467989738276727568338558,0
20QBT_45CYC_3D1_4D2_1.qasm,3,36,184,0,45,2,35.36953620940428721017983930,2.781147657474048767919783820,0
20QBT_45CYC_1D1_7D2_1.qasm,3,45,8134005,352640,45,2,39.60284610716718091289714229,2.214352436853509966139723984,0
20QBT_45CYC_6D1_2D2_1.qasm,3,23,72,16,45,2,38.71085168218314368750307867,2.389292521126393882216224129,0
benstein_vazirani_1b_secret_1.qasm,2,1,2,2,5,2,4,1,0
benstein_vazirani_28b_secret_64.qasm,29,1,2,2,5,2,2.258064516129032258064516129,0.7606339433904255463528505666,0
20QBT_45CYC_3D1_5D2_2.qasm,3,42,128490,0,45,2,39.09027346814748743588426706,2.371368093113605623456436915,0
20QBT_45CYC_4D1_1D2_3.qasm,3,17,1,1,45,2,29.26956521739130434782608696,5.674927748377419132938497302,0
bigadder_n18.qasm,34,91,4456448,0,220,2,186.7458849085820779004087930,9.914974157460195711933229153,0
bv_n14.qasm,13,13,1,1,16,2,7.375,3.388860427931489774531857225,0
bv_n19.qasm,18,18,1,1,21,2,9.031746031746031746031746032,4.573797886888236842250148675,0
C17_204.qasm,64,173,2147483648,2,253,2,198.2358016479689562541051780,12.85490018357707967511521851,0
cat_state_n4.qasm,0,3,1,1,4,0,4,0,0
cuccaroAdder_10b.qasm,34,142,2147483648,0,362,2,313.6264754722888843056420712,11.55051071143314363014626022,0
CuccaroAdder_1b.qasm,34,16,16,0,38,2,30.69402228976697061803444782,4.284416607329014372156360442,0
cm82a_208.qasm,128,234,98956046499840,4,337,2,270.9283499703701414886463535,14.08925409471830089132944883,0
cnt3-5_179.qasm,2,43,64,1,61,2,50.46058186819409305361131186,5.317358299751863490498135389,0
basis_trotter_n4.qasm,628,328,5316911983139663491615228241121378304,5316911983139663491615228241121378304,958,2,818.8550392919813839932860305,15.45275256161628104359053200,0
bell_n4.qasm,2,4,2,2,17,2,14.25,1.391941090707505480529867825,0
decod24-v1_41.qasm,32,35,128,1,50,2,38.78910983871494066393501792,5.162639534993228732357168278,0
deutsch_n2.qasm,1,1,1,1,4,2,3.5,0.5,0
20QBT_400CYC_QSE_8.qasm,4,319,49040190558922235677254909155329358512545490,0,400,2,375.4111866579019433820697298,4.764490302042203124774208460,0
20QBT_45CYC_0D1_1D2_0.qasm,3,45,1,1,45,2,31.46676136363636363636363636,4.322316267966217812076512612,0
20QBT_45CYC_0D1_1D2_5.qasm,2,45,1,1,45,2,31.11216950601453257617390242,4.664522125751590916348209379,0
20QBT_45CYC_0D1_2D2_0.qasm,1,45,1,1,45,5,24.35340729001584786053882728,6.022602721492546118011046423,0
16QBT_500CYC_QSE_3.qasm,6,348,65039751780423384400744841578866976727040,0,500,2,464.4637230119685740996025556,5.709972463467855842856557965,0
20QBT_45CYC_0D1_2D2_5.qasm,2,45,2,2,45,2,22.88909798017814577844686992,6.167058743917704318399490354,0
20QBT_45CYC_0D1_2D2_9.qasm,2,45,2,2,45,2,30.43193307100570739834804494,4.972250105147984254917186338,0
20QBT_45CYC_0D1_3D2_0.qasm,2,45,16,16,45,2,29.49771016541919620759005664,5.025439854778747760265524787,0
20QBT_45CYC_0D1_3D2_5.qasm,2,45,4,4,45,2,24.67004712840803208512821897,4.523643404237849682928131686,0
20QBT_45CYC_0D1_3D2_9.qasm,2,45,2,2,45,2,24.26610214695292705694092546,5.611903855563214230110729770,0
20QBT_45CYC_0D1_4D2_0.qasm,3,45,64,64,45,2,29.71518740890900995328950825,4.731795031953937036838523785,0
ghz_q128.qasm,0,126,1,1,127,0,127,0,0
ghz_q16.qasm,0,14,1,1,15,0,15,0,0
ghz_q32.qasm,0,30,1,1,31,0,31,0,0
ghz_q64.qasm,0,63,1,1,64,0,64,0,0
graycode6_47.qasm,0,5,1,1,5,0,5,0,0
grover_n2.qasm,3,2,1,1,11,2,9.0,1.224744871391589049098642037,0
grover_n3.qasm,36,12,8,0,42,2,33.86895161290322580645161290,5.054637334003682024804926922,0
grover_operator_8.qasm,48,380,1,1,404,2,296.1037717473736401747063195,14.35968648490755438729485287,0
20QBT_500CYC_QSE_7.qasm,5,401,598938558770673929442484279924599628930406903896604000,0,500,2,468.3812084128974003254735545,5.250837710627457737197170239,0
54QBT_200CYC_QSE_7.qasm,3,164,15010062095505266678721,175104,200,2,187.4279691364230718956955181,3.558171428033183100195638292,0
54QBT_25CYC_QSE_6.qasm,3,20,11399,44,25,2,23.44156915565283273002778012,1.155040456875790972660062364,0
54QBT_35CYC_QSE_4.qasm,3,30,176239,8,35,2,32.59099847853509308189781807,1.519488814894818952375240298,0
16QBT_700CYC_QSE_5.qasm,6,493,391569277852106709172902434382627627776792143883253594456064,0,700,2,650.9969824114298485539416093,6.735014692187209493960361479,0
54QBT_40CYC_QSE_3.qasm,3,35,729554,16,40,2,37.56542712821051162283592729,1.578092514853090383477797279,0
cuccaroadder_q128.qasm,63,749,3815204244769458316286498988090,9223372036854775808,1616,2,1267.587489548494983277591970,21.92633394747494343914226709,0
cuccaroadder_q16.qasm,17,77,7290,128,160,2,122.6054287606986472595170612,8.892860777807570306082341427,0
cuccaroadder_q32.qasm,17,173,47829690,32768,368,2,286.1721049479937230020110759,11.68741193098949476224555946,0
cuccaroadder_q64.qasm,31,365,2058911320946490,2147483648,784,2,613.3105664715719063547225429,15.85302620646352664664923143,0
cuccaroMultiplier_1b.qasm,34,29,64,0,80,2,61.38851638128392224784998328,8.731169613252345770274942443,0
20QBT_800CYC_QSE_4.qasm,5,643,5981793501002800675352697194450703864051281400607863225680636685074177350544766013440,0,800,2,747.9820854582938795845418978,6.859770186693591694187567592,0
16QBT_900CYC_QSE_7.qasm,7,625,12198355980067094686235413534568787222770096914554559158326242928083599360,0,900,2,833.3085285047793284584661256,7.789001134552378278730294407,0
grover_q64.qasm,493,600,4611686018427387904,4611686018427387904,1324,2,1058.200085960338220564841000,19.01089408019770081861089666,0
cycle10_2_110.qasm,512,2276,60521481517661920070060605593820590804602479519434926081968578668921428641019715499132312967503230424278980593111269376,2048,3386,2,2790.922905705316856075278516,41.95837493264348716418010987,0
ham7_104.qasm,32,134,25165824,8,185,2,141.7185108262492597074125747,10.66680364735422303105728184,0
dc1_220.qasm,304,705,574226494179083657094444650041108856832,0,1038,2,808.2295149425237838590734965,26.82642630872311934992813458,0
20QBT_900CYC_QSE_3.qasm,5,723,536284729583156667968872086190389025613360232888881442873660790938542595154147965743864465330128,0,900,2,843.4832916189929804273522282,6.940972510805211022701643782,0
3_17_13.qasm,3,17,48,2,22,2,19.56731371321227301189730745,1.094190778672209697450036921,0
miller_11.qasm,16,23,288,1,29,2,25.31584282263630089717046239,1.435385720206059043400532070,0
grover_q128_1.qasm,1037,1240,85070591730234615865843651857942052864,85070591730234615865843651857942052864,2732,2,2197.400085960337870311027427,25.05302564020137707777382874,0
mini-alu_167.qasm,64,111,12582912,16,162,2,125.8592434848140935614415559,10.16826097933836317984069930,0
grover_q16_1.qasm,85,120,16384,16384,268,2,203.8273963275903824839422866,12.64936180899412250254418073,0
grover_q32_1.qasm,221,280,1073741824,1073741824,620,2,488.6000937348359791875321471,15.10937034933890696198073607,0
pm1_249.qasm,114,634,1298074214633706907132624082305024,16,940,2,731.6504367321654263544556876,26.10993483580920155704388258,0
53QBT_700CYC_QSE_3.qasm,4,522,708209291212068404901092035732357253253575506190511147548672,0,700,2,650.7294899292618819154831436,6.642242574555536541760445538,0
54QBT_10CYC_QSE_9.qasm,2,10,301,1,10,2,9.413547237076648841354723708,0.7165686717376748855771311880,0
misex1_241.qasm,432,1797,97777726864055332140885393043650151730470482895964940030534741569010302388640161896803074048,64,2676,2,2123.799522156185337571500349,42.02160685904600996377390770,0
54QBT_500CYC_QSE_0.qasm,5,409,6244187195556608728247402696820961924539693735926690,0,500,2,466.3901337371459377720190085,5.452301982058585802447856219,0
q=11_s=2989_2qbf=02_1.qasm,3,248,2654208,0,538,2,386.4234435647846374640376133,15.88477936173217800491037575,0
dc2_222.qasm,337,3518,389017084582593089860538237221046357907416834272728459374592874658498701069960138724972535838790980714518551869809448985849545413319853935114394515698184095661985794068891517845504,0,5242,2,4324.975196748214821200978860,51.41218742412548815917766128,0
co14_215.qasm,721,5759,9021010001334945972282164525261534509932292366851665326122637553123972134352373793381426811415357240840393640189724905371416389326498927772626817128042718751667646566803976335235403279709077105857716784187064309680542312128374468535304305538777621283608354365112503458807513732246847179585623146102784,3051757812500,8570,2,7250.608198958031931347174919,58.31601571478638509009210700,0
con1_216.qasm,112,346,576460752303423488,2,508,2,403.5345994448776420760583377,17.92837982826349186942797003,0
q=12_s=9988_2qbf=01_1.qasm,3,370,2304,0,1361,2,1000.685752865433774496202840,27.68282627948607302299803417,0
q=14_s=5986_2qbf=05_1.qasm,3,1078,5925013075387219968000,0,1392,2,906.0120651876506159236150794,24.46389074974709624884483993,0
q=10_s=19990_2qbf=02_1.qasm,4,1841,780070292896694560358400,0,4001,2,2841.107732434719262191521201,44.12257128085759197086945039,0
hwb7_59.qasm,192,9112,229675348449032427542329777246464204283011176937308241927099135819908596539213147700572391056266653077246043517223162536315707028923423012008263585104160026469134469030176333374512301639572534818811498454711136531668732917480010464346802036377565441250851875264273516671616780940876214753413783635847870793041681671518282384884494881510861820390079851809491970189656968050637361441843304011568260087177718792633892446328611104098911808295504763934988055487322076571099688902516496051753451520,0,13437,2,10585.51647300201709224195088,95.03606725096817360170828569,0
mlp4_245.qasm,768,6930,121773060757600975926918116751499195306967062443262887274065769346936721935977233385014951419677795496204289762674792024558006591736002843508990516464199123285718359507515729173755308579838991721314130602807002604072244183631336151098480198565731578276336939816383017949633143051504053743955723118038977074818242434334939496557091084480416501404455141376,384,10328,2,8621.598748553279273282839055,68.90531390311830242052563219,0
mod10_171.qasm,48,97,524288,0,139,2,107.7880627764507704863194148,9.024255183892649407339194193,0
mod5adder_127.qasm,80,208,4398046511104,0,302,2,240.1070192148906869722736319,12.87754514562912496327792793,0
mod5d2_64.qasm,3,25,16,1,32,2,25.75114984265311062696683612,2.824184556069429236496853503,0
multipler_n15.qasm,284,156,905969664,0,411,3,337.9171151011662643187274592,16.36699204854005248489571641,0
multiply_n13.qasm,4,12,4,0,35,2,25.56978417266187050359712230,5.642638990185571406543937195,0
one-two-three-v1_99.qasm,32,56,8192,0,76,2,61.88178369147879254311782219,5.245553168333711847015923247,0
54QBT_800CYC_QSE_7.qasm,4,653,3880763657981565195145548503025964370330771417496032878793291234164386966797025940878,0,800,2,749.1271456673077320206675043,6.767299221326952284431825411,0
inc_237.qasm,768,3928,28704394398382865841491310945712732057747451851299995866602044241892502146386036595396944192239544197365737830420647975441276315451525827646734695575934242787963141405971935081788599334055048806137856,0,5863,2,4771.446457735483760206869660,58.30646678549575910799489036,0
ising_model_13.qasm,14,20,2,2,71,5,60.61066172853388055715631017,2.504402444541480848869517420,0
iswap_n2.qasm,2,2,2,2,7,2,6,1,0
q=13_s=19987_2qbf=01_1.qasm,4,801,5350883328,0,2584,2,1911.478128137548762588627417,38.95361230075162033058716001,0
q=11_s=29989_2qbf=03_1.qasm,4,3816,65061605569300769868121907954927486969597879397774774423889152835584000000,0,6463,2,4471.225995067233608057624536,53.71682221249058895022184719,0
q=10_s=19990_2qbf=05_1.qasm,3,4722,229114528880931390223236073031582379157911960047492104353124867633116135067822459513772283927724032000000000000000,0,6135,2,4145.958517119358947420491133,49.61251834676198320859756336,0
q=10_s=2990_2qbf=03_1.qasm,3,441,13271040,0,744,2,503.0044168648318869723503966,18.77900770841731090283419210,0
life_238.qasm,769,8356,53124537029295590681264528998799777529277815545640180332047014390997660871157540283148079599824053706040443261758718644226340247116118925833939129948389139713128461775162464276449623606191458297548451238206403024641726285230781296153461551134211803193729075506288692170757157184436587759768887570187880970681773857204673433938791866973269276171933475730370213905398361519915740442913182222108667242261558877365091715430481920,216,12511,2,10267.73346028186211206940539,83.03520818660718528269186567,0
linearsolver_n3.qasm,5,4,1,0,14,2,10.88888888888888888888888889,2.330686329267003437758785586,0
lpn_n5.qasm,2,2,2,2,4,2,3.00000000000000000000000000,0.7559289460184544544290330726,0
majority_239.qasm,144,232,4398046511104,1,344,2,270.6817978995626365588186596,15.55251522945936611911206240,0
q=13_s=29987_2qbf=02_1.qasm,3,2323,125895875535313074621247947290129203200,0,4818,2,3372.649866081576515697505709,49.66918441686084877270577266,0
dist_223.qasm,1920,13274,10524525893134125278534999363076531916572924816171307132539164372947808215722581715378537516029800352934472485123178758986955039313082749506337194579460944401759699573631728025086294154348623815481422830267616497384447784532819566848518138815981291696885027263377162404884288007864434904694856393337224522156376727017873952070667978000174726932016548673773935840548162442406635677807659089043608874404426874125881145154054907869619815489479588493128067871093489034099847507834651245587931628915376081932675759417753552063322029158999927867854418483558286666023812399268087081881643685120610744511591689255645215789048053187036363461226654155076975528346075406235760186824323371534111282739281920,3267233508428698004003266560,19694,3,16228.32471852057670390046976,102.1494214416745923999164900,0
q=10_s=29990_2qbf=05_1.qasm,3,7065,42154296581024431729163266740919876113338847160304190306077100858523581926910549801415513086563219186287848448171494154060494774469676790554457998540931072000000000000000000000,0,9132,2,6183.483081009642620770933963,60.72147496233527847930134593,0
dnn_n16.qasm,1184,48,16777216,16777216,236,2,214.0,4.358898943540673552236981984,0
dnn_n2.qasm,148,42,131072,131072,210,2,190.0,4.123105625617660549821409856,0
dnn_n8.qasm,592,48,8388608,8388608,236,2,214.0,4.358898943540673552236981984,0
error_correctiond3_n5.qasm,8,48,134217728,67108864,77,2,69.55243590010994312539705766,4.361238952130591134675022078,0
ex-1_166.qasm,2,9,8,1,12,2,10.52727272727272727272727273,0.9506848336291906910411357399,0
ex3_229.qasm,80,157,6442450944,0,226,2,179.5492676687404284273624985,10.81944653789389544206919332,0
f2_232.qasm,129,449,302231454903657293676544,2,668,2,525.0145759884098477001205337,21.92542127344918649518051319,0
fredkin_n3.qasm,1,8,20,2,11,4,10.33333333333333333333333333,0.7126966450997983591588092826,0
max46_240.qasm,737,9657,184302762953379391942168173058959850907893287879857293055062670834187353732300357684514200840810114773790846135812433011178737918738593168701830615973106253480662599784146618003209046319658106530160823220189531417050612603471875756317388310850749436427882535454708257041219268272927835821668904110364897842361589734140459522797105017864081941498158041474482086731126977395404548397230815603521026209554452694844470719644775969806078598761482540852747741757526635069656402251073053122012606294504044809420800,0,14257,2,11519.88599015706942677804332,92.23825910828192288015363595,0
9symml_195.qasm,1153,12849,8247680488308036150885179393388601409152519769965688372856590243867991294030541271217580905460133903004686390225755873009271536984072583868062850266677902306413061177991871667480446923463178200233691940225370654547494832733028557795650894759140179851597767182012327892138640099575416431550772658156757633933492437933350558795407316408229933742785657302796598740881627847099507825644044911393707330554892714355050513042703107693273278559504133538442768711682376529123146506523620401123558491535430477022053084265963685189050567542063920232479873222033982404742482918641936053873788356269966647836739861415061987131517318281795905197880099708295895268196352,644972544,19235,2,15763.64500513201128259803766,104.2224489020896571868208633,0
adder_n10.qasm,34,58,16384,0,147,2,125.5946548095957011566366008,8.145227858654852597461052518,0
adder_n4.qasm,2,6,8,8,11,3,10.0,0.7071067811865475244008443621,0
q=17_s=983_2qbf=031_1.qasm,2,96,400,0,153,2,103.1004678675089711561284127,9.259082299141059383234858999,0
adr4_197.qasm,115,1249,315936875005671560093754083051011296956685286201647333762932932608,4096,1839,2,1472.806296492896632862091801,33.53876155281957590313028423,0
qaoaWS_128.qasm,1,508,4,4,764,2,530.7500000000000000000000011,15.27006462780605710733406345,0
q=3_s=997_2qbf=02_1.qasm,3,210,655360,0,551,2,418.6582835119476904111467648,13.44684611148412208991844462,0
q=11_s=39989_2qbf=05_1.qasm,4,8734,11265062494781315989963768642564590034691725249799290460836419502031521765336835306064339185376431976273904462080487487957919383140816681379226000890100425951845188580147200000000000000000000,0,11384,2,7607.751472660574030768599084,68.36069363104762776594646139,0
q=3_s=9997_2qbf=03_1.qasm,5,2994,44701058138766850447340606562073787517578904065316615025913678218396785164989022352829317120000000000,0,6059,2,4643.743428662287973391339120,42.85972710224760307790930473,0
q=17_s=9983_2qbf=05_1.qasm,2,1612,5446308954042376566865920000,0,2059,2,1323.122319792946103395577051,30.91572839878356105418380377,0
q=4_s=19996_2qbf=02_1.qasm,5,3400,2475679872509017622466714974995299417376544718736257278293090675700161918878319902720000000,0,8646,2,6544.456731972792936399215547,57.80357861249484094347639209,0
q=3_s=19997_2qbf=01_1.qasm,5,2023,289344002174128732738302823597034128103020953600000,0,9344,2,7578.663528978994752413171619,62.24096712925592670364325010,0
q=3_s=2997_2qbf=01_1.qasm,4,336,695784701952,0,1424,2,1145.095724002178957885941400,24.58668534439542862381375767,0
q=16_s=29984_2qbf=01_1.qasm,4,1005,27179089920,0,3167,2,2322.947669911402083528396793,42.99186943540131428906138362,0
q=3_s=2997_2qbf=02_1.qasm,4,610,11673330234144325632,0,1653,2,1276.888344921108402934589283,24.58666675333367917857369027,0
q=4_s=19996_2qbf=05_1.qasm,4,8467,1676185252926921857468462484870789289689854588939333773857947927683080132403046112678445914310216582846815651550276331380992173701432233833188765144451639069904837686818304187471012559046224503039165984063338911626479599712544495266644806315540480000000000000000000000000,0,12027,2,8749.254278764792912470824764,61.18491339604104108853148505,0
q=4_s=2996_2qbf=08_1.qasm,5,2082,3359140869121008115278946650799721984233691733516563251200000,0,2282,2,1631.065839127087232753838138,25.13053132247439058922263714,0
q=13_s=49987_2qbf=03_1.qasm,3,5732,464946481927470385954148549286162557104925164826811622066200598726223969937134189475576938496000000,0,9480,2,6465.485119677791200346368532,66.28291105089576079574311341,0
q=3_s=29997_2qbf=03_1.qasm,5,8940,17225918025302474182119866959164603686869619669983272948392068349066989411864787859105551776232890438516052888070072663668649684017541199711787645628506997037032555937956243875551793094068767956445125760400251212653200148890966920862821801797463009711161332219710013440000000000000000,0,18264,2,13926.25567486146056704604723,76.86238575593432690587786767,0
q=10_s=39990_2qbf=08_1.qasm,4,14882,2876333980413722700532416459091334997397109458660161543812051273846687906423703525849832848598169366364593845401015426201324718219066141610931927982072644665336885331056814463813576713082627887871897941226229652998817023600116243148939745513454140131678969134292289575461042701921092540467613813733505538652594009062830299944420653406103797760000000000000000000000000000000000000000,0,16050,2,10654.82092729706719515706609,76.27945475439521833704290673,0
q=14_s=59986_2qbf=08_1.qasm,3,17446,4961077803730033226132983811742407996897130968741980771313346593884729031482943459668302045179028745967164363752340758314216737187157670035033182490832925749299792393578027839875285448090739105146292466367113467429333849555377668820599042425906698575848601059087813747246308622338708043363248106063956684618376955871774113792000000000000000000000000000000000000000000000,0,18640,2,12060.07537742382113040911327,85.79663436147048263215823401,0
q=14_s=986_2qbf=051_1.qasm,2,174,134400,0,227,2,152.7983362557042746938752501,9.383569116182974372192273516,0
q=14_s=9986_2qbf=09_1.qasm,3,3217,18261678957743369396098668265069304947945690892929273866419573882880000000,0,3303,2,2145.277021401380067643392706,35.52007436378229931178974653,0
q=4_s=29996_2qbf=09_1.qasm,7,23033,39139643560466641753719295366111694682138334084742294894609952061132655489870428608458187095070612415178307664021026105081103084392480569952313110090669029845150171416922989800093901199828720458919450065949284995503530113735880078562594218326898649875738185503244717525788207806315450265739335970031570296348742428771362689986385073346706763942987757401858517459398889902826463611909575828615158671566843558022467501930404853292189725682157329838101608007530656952140417377001341720556200148625786240049596325418822664707016624623113741196084404178969858886572025058838497328977848995341540753627380094090319558410647338212927409978221034209280000000000000000000000,0,24189,2,17200.28935342262448294375327,80.45225868560924346543785310,0
q=15_s=19985_2qbf=01_1.qasm,3,680,159252480,0,2224,2,1652.059398540458684914339532,36.26937324440705389627165753,0
q=16_s=49984_2qbf=02_1.qasm,3,3242,188023691599482429617196362878560963133440000,0,6577,2,4575.213174680384686290208642,58.03369184691719876008864205,0
q=11_s=49989_2qbf=08_1.qasm,4,17556,210998065414679849018038442147419064852701345166374474246818287383090653710362447301256196792675855833197342420525768448435663434549775170329961773649026377257092973510258165144121265627992819093775647758987933328361080744671860259777368692096832371086205994601852917150793941810360432933852317679266684030229968372513118060431927415780575951566982619224892891685978112000000000000000000000000000000000000000000000000000,0,18836,2,12382.67402048300852856722966,84.40597133736022956525638432,0
q=11_s=49_2qbf=061_1.qasm,1,14,8,0,19,2,13.31830238726790450928381963,2.680679002062468761992457476,0
q=11_s=89_2qbf=022_1.qasm,1,9,2,0,19,4,13.600000000000000000000000,2.445799559218000951256193979,0
q=11_s=989_2qbf=081_1.qasm,2,346,442368000,0,366,2,241.5656514974713714783738994,11.42234264605448911149957372,0
q=3_s=39997_2qbf=05_1.qasm,7,20079,357595541397092077378087261663609291939767188465308948920592456841286045344183510761708292480247909828219938511294811950450740853069489107458745319915397173522028613452615561552096729118766761768885048928545974331713690865447158179244294611032639628350447907808606641766200937275358280954138063423919325542180220787267869605509617344319391969111733158015079998529978970680211284093474022950078783984426443313265014297661126956772444936023987176957295479918856625673204345559525529012485131777274066599987370461859740752281600000000000000000000000000000000000,0,29226,2,21880.34200893696458462990567,88.67550363176683122181374561,0
q=3_s=57_2qbf=011_1.qasm,1,3,2,1,24,3,20.78571428571428571428571429,2.144047288543376340246417926,0
q=3_s=5997_2qbf=08_1.qasm,8,4801,896487440975311183483264839121357973228636904780374726454943995301724160,0,5335,2,3935.798311205403023154734541,36.17373639732778320001083575,0
q=4_s=39996_2qbf=01_1.qasm,5,3403,65353934447100185275930006771946996248367630358489317558565417257495691264000,0,14669,2,11604.68706377580008601230633,81.96142194643316717404111883,0
q=12_s=19988_2qbf=01_1.qasm,3,848,905969664,0,2731,2,2044.351254413438042204515022,37.94560580154058930534345665,0
q=15_s=29985_2qbf=02_1.qasm,3,1986,776425804488281203372405555200,0,4237,2,2916.758511834201035978248138,47.99478676361530575702096225,0
q=12_s=29988_2qbf=03_1.qasm,4,3698,79682101826555313478904191653308077069523396133596392587264000000,0,6155,2,4171.579745817932922856490608,53.25461496453940852217867094,0
q=10_s=49990_2qbf=09_1.qasm,4,20996,697012803266409681030055948196016772562520084787772785873712794645620292094446651250127099293043506044340335908656635665743520674594151775587420339479779914107063168287896821227878598319383813364739234748359231078579875414988603155403187370210900437077410320557326688710081577000329003072908545581051920420222471285152435501089814742162324063381983513196343289324102618972973020079949183300569227982866348291818859595470792158549578481568850285250126586679410454969761349889823866880000000000000000000000000000000000000000000000000000000000000000000,0,21733,2,14334.31780412438981256211955,88.35880273085626235733675785,0
q=10_s=50_2qbf=096_1.qasm,1,23,4,4,24,2,15.49985331221029161532594027,2.493490317663839316857550927,0
q=10_s=90_2qbf=011_1.qasm,1,5,2,0,17,2,12.0000000000000000000000000,2.362497692874473327858150093,0
q=10_s=990_2qbf=091_1.qasm,2,436,106168320,491520,450,2,289.8090239404044372085457337,12.93368506159987739689046767,0
q=13_s=59987_2qbf=05_1.qasm,3,11565,4408595572294910382124699140360059915359387226425724386763050645231209287444179503540072136208452683629239183145908496286229294784206832689550042646784643299253296717479690904079804058925443589330325785804800000000000000000000000000000,0,14883,2,9847.091084358740071659710511,79.84749848259027968607592395,0
q=4_s=49996_2qbf=02_1.qasm,5,8639,327476279610614706077873680938680558326341819697226181564819055767106470013731860581923660676202798917681946249951191845556257433459438160865354608682418036620328591520099400559977457305051427258987076584220078899200000000000000000,0,21886,2,16502.00574672399454404544141,94.49016374542586353994547770,0
q=11_s=19989_2qbf=01_1.qasm,4,860,3382286745600,0,2993,2,2229.747140936489547398684679,40.95523318348745070613624388,0
q=4_s=96_2qbf=052_1.qasm,2,43,1152,64,56,2,44.70009368261038639657793333,3.676030810864028294901113792,0
q=4_s=996_2qbf=03_1.qasm,3,230,1843200,0,466,2,352.3495091840870761841145921,12.68398534007886132118031031,0
q=13_s=9987_2qbf=08_1.qasm,3,3146,99435227909608941610229180340472684410287599376798859657216000000000,0,3349,2,2172.826588426792291162828112,36.22899993936641827888744420,0
q=4_s=9996_2qbf=05_1.qasm,5,4125,3278689440606321673692241002497877659758294416170696897525030660248024073228744108917281373655750699535631982420683653120000000,0,5979,2,4318.623331455614709113274639,43.38558469084131698826756461,0
q=5_s=19995_2qbf=03_1.qasm,4,4583,3945626852249698201279633329196843072635331688177595570964830127825539950629513414427515391816329436464333839511270195200000000000,0,8406,2,6094.323739391374260856433581,57.57503683879597944819093191,0
q=14_s=19986_2qbf=09_1.qasm,3,6473,17535450099780540407855181712650064365603621208504752685701348206398817058934195591154537233636605237754721824518422976078021009848736625459200000000000000000000000,0,6670,2,4330.658708646138956845262539,50.36192815851059411814683840,0
q=5_s=19995_2qbf=08_1.qasm,5,12123,4178461260537648233530809944194813903815951709590923548595730878957333661990293696041463283252076305699251882977031803046194943905910171386107787261745191256684254091409203876562359304823384928960373300955103913574214782252100122212154593093668847289897287646170184568733698884807345142709716256716807636239330191130976559533559644160000000000000000000000000000000000000000,0,13268,2,9235.854267189123607506924149,63.01022932290562470347286675,0
q=15_s=49985_2qbf=03_1.qasm,4,5179,4621721388575837955458601908637998106331545724368008244423355397465702400000000000,0,8367,2,5658.402135726318890529849433,62.97931504155239424915502744,0
q=16_s=59984_2qbf=03_1.qasm,3,5917,5787568937606795943467145145749770776996633198997103015546057539882319668324460149247836160000000,0,9527,2,6429.127719794158731510505821,67.63330752273795785435315485,0
q=16_s=984_2qbf=051_1.qasm,2,167,5308416,0,202,2,137.5068738758774608750699489,8.877581671484718434242438923,0
q=5_s=2995_2qbf=09_1.qasm,4,2026,39418390906345753234359182231199459174037460090880000000,0,2115,2,1466.283645940636342810947392,24.86759170636177817329199254,0
q=14_s=29986_2qbf=01_1.qasm,4,1100,15854469120,0,3552,2,2641.392069468595170441352678,45.03157563905911407569020634,0
q=12_s=49988_2qbf=05_1.qasm,3,10355,38633343699112956887773626430765895952395052349747911388445742509618096094886237846776558665715604241866615537831336664538818708183973451110514760722601125075483795859926688779468800000000000000000000000000,0,13369,2,8854.816943660979138097628381,75.22944841564830418957488326,0
q=5_s=39995_2qbf=01_1.qasm,5,3095,766059217409283400775205597661802167186352881614716928000,0,12071,2,9436.760724563152519741057716,76.01607482565139248748879455,0
q=17_s=19983_2qbf=05_1.qasm,3,3142,1770110463469256149650955379569795782190579266355200000000,0,3960,2,2573.329680153369941203301011,41.77049140509918711276410069,0
q=17_s=2983_2qbf=08_1.qasm,2,746,713288035860480,0,802,2,508.2343361561657681700680454,18.42149123462948500781269077,0
q=14_s=39986_2qbf=02_1.qasm,4,2915,6434678082916001591752672861495492608000,0,6017,2,4200.286809578123906687346873,54.99996369310924429758584824,0
q=5_s=49995_2qbf=02_1.qasm,5,7464,2452954181221943137721231565731187715888932148301583109353666324377753932865192157416805829196764513800813823687040263554736800057565405830846716792593877364846907883520000000000000000000,0,18108,2,13441.30762505709411724848885,87.86022808810790948702428499,0
q=5_s=55_2qbf=087_1.qasm,1,40,12,8,42,2,28.22260617551347479440815693,3.598793294326041265950147126,0
q=5_s=95_2qbf=095_1.qasm,2,68,4096,4096,71,2,50.80292228533230186357575451,4.506841399358059649371075026,0
q=17_s=29983_2qbf=09_1.qasm,3,8378,132455184680951125012566046480057862319342217175998557973458729029903249933954334094625006147814228164941333118119901654152114648508970207831805796647157849967820800000000000000000000000000000,0,8656,2,5503.052982862430561540992984,59.63156428299870018718223509,0
q=17_s=43_2qbf=028_1.qasm,1,5,9,2,7,2,5.235294117647058823529411765,1.535057453023516309945699772,0
q=5_s=9995_2qbf=03_1.qasm,4,2233,6943974015386083963303197529700050289283084630378770595840000,0,4122,2,3006.756981475767050030359616,39.16157977178025211240254978,0
q=6_s=19994_2qbf=05_1.qasm,4,6653,609953199575215668016036366768231348360937676657428575017787487101264651111544792158271523562681202671978785574022415314974052707768905138813508354703640313724928000000000000000,0,8962,2,6279.774643712207355003784380,56.18057399695260033944511467,0
q=6_s=2994_2qbf=08_1.qasm,3,1608,149700920325748845833612345713105584970845388800,0,1760,2,1210.739516277218090067776467,23.74818274654813989091726940,0
q=15_s=59985_2qbf=05_1.qasm,3,10422,2356849740029296657971216083427820274619506373163471317363327181359825058524525492880135532350102533205035566021421981250475855924039619407128591154916733218418857390482560711340851200000000000000000,0,13325,2,8700.780188415087635160670079,76.48109051944639234146079836,0
q=15_s=985_2qbf=051_1.qasm,2,165,20736,0,208,2,139.4227794209437473489523934,9.445245731013164221829226784,0
q=15_s=9985_2qbf=08_1.qasm,2,2721,15106891481983887984229206009299853957178746470400000,0,2925,2,1879.992801600652741277278121,34.19404645034677283991916616,0
q=6_s=29994_2qbf=09_1.qasm,5,17973,22730460108251019123153944013207589115854508775647347419355029830542318722304559662808175780923273769551830893660732071865093043027592352942163914686399590171210724858200960281691510509549408295061880622122655779361939837097605449208014406953406923830618189920923576322304689010583655661229590120047961899059982036083080256123712466751360534918116882687232672274528574632520700380803933726488872445920268193642994028821126405361935139756320497914253227640766747828551680000000000000000000000000000000000000000000000,0,18752,2,12848.12781453993452851871439,76.00781501743536731959267831,0
q=14_s=49986_2qbf=03_1.qasm,3,5362,15667941616238043267869658453163725036633367550894309034324362719707290764693167144960000000000,0,8847,2,6018.395595019026800507788812,63.97653138337612875992507928,0
q=4_s=49996_2qbf=09_1.qasm,7,38414,97121394757403602675862678995796872576592958094118986159300315641059609540339701857894451574700882826031637388449351558206293200591019911850300122800368119984412567296694053177777694655816014300903109305651246658262755793280066262740133586601011471761882079690683840100685047199243794776825617928506938311919541454415242078853505874795349328639874012648453934178585764561921129217038390916319028438058157418680994034620324876778132712820895952547200686377086690975017053140577163368123591537251430670108846394914867386770493495268200485825794954639958900445598134831210108999043528646075755176153633485191495308670152493846160858413685174145438470271193904380283816138817434346331183448833848539927760311365620476687739488689081646643041072686753059528623188238541459914318367217125513378569036435875310639408622889920969817372102328468884664952137399210546225001774390947781968997930179702370097540978471578935291674441226407384826507106936001209279391954659452143041208627100695414666402952690662286976339622049258688639194047104249675200330180442598689823988689311982304624640000000000000000000000000,0,40335,2,28675.35326062005965803843742,103.6006313231878339644610277,0
q=4_s=56_2qbf=032_1.qasm,1,14,4,2,28,2,21.52805836139169472502805837,2.583085909942363784616266871,0
q=14_s=5986_2qbf=03_1.qasm,3,646,2119969013760,0,1064,2,728.5781133630737077019226540,21.69961477978139447358792437,0
q=8_s=52_2qbf=104_1.qasm,1,28,12,12,29,2,20.49612065388764417890631482,2.961023443410452332253437829,0
q=8_s=92_2qbf=011_1.qasm,1,10,3,0,21,2,15.26056338028169014084507042,2.628874277003904013019478330,0
q=8_s=992_2qbf=081_1.qasm,3,435,163074539520,0,492,2,325.4533690273090631273599353,13.33630128070935789625068264,0
q=17_s=49983_2qbf=01_1.qasm,4,1562,489223618560,0,4987,2,3637.478621394445769409806241,52.96054997404782070754848273,0
q=16_s=19984_2qbf=09_1.qasm,3,5890,1344778222209222981180843466843818771870699221249606062556515106078888902712335232166803534287659270584401920000000000000000000,0,6091,2,3887.010962042455792219862264,49.70888846220165398366850155,0
qaoaWS_64.qasm,1,252,4,4,380,2,264.0833333333333333333333337,10.84524403514361597503514328,0
q=17_s=5983_2qbf=02_1.qasm,3,372,122880,0,752,2,520.1655584541335471420404674,19.21534342144624127403269221,0
q=12_s=59988_2qbf=09_1.qasm,4,22049,66926286082025334460681550036006259668140565569143406549776860163191683458155501632807111897330939372961660540087746384105040672733703191622474858627404484192934982029735433435334719969234928587410110308203712287779244647998241047996401520941801736907662520009261091308766309363084483187820991070674770254565567514349815697717746467295171319850004692883078755941680847619289968547999261747296852695732486269294113341715969905266180809572940326233230697834741760000000000000000000000000000000000000000000000000000000000000000,0,22796,2,14843.75448184648206378483782,92.39256395769947870393104075,0
q=9_s=19991_2qbf=08_1.qasm,4,8092,334979943197346402177924847170230535867270348694997984368050457739940913404333777226353365259295837823236237576042501929933133422790856658635618286748465398457883261456915431700538856291841450862182400000000000000000000000000,0,8738,2,5834.534280230787516656803064,56.29600860472452386362333797,0
q=9_s=2991_2qbf=01_1.qasm,3,155,432,0,517,2,397.9611810427993873156456102,16.02431608177020546566635420,0
q=9_s=51_2qbf=012_1.qasm,1,4,2,2,12,2,9.057142857142857142857142857,1.739340714882791327294088215,0
q=9_s=51_2qbf=059_1.qasm,1,15,8,2,19,2,13.79856115107913669064748201,2.357232422206964085275351556,0
q=9_s=91_2qbf=088_1.qasm,1,40,48,12,45,3,30.16098249819799920771294271,4.029202501918452369003380609,0
q=9_s=991_2qbf=091_1.qasm,3,457,77052719923200,26754416640,480,2,319.5528211269081049053670799,13.05170315201319186679574765,0
qaoaWS_16.qasm,1,56,4,4,86,2,60.13596175226817317564109614,5.419045745162842972950450250,0
qaoaWS_32.qasm,1,124,4,4,188,2,130.7499999999999999998788140,7.735731407180603763096262216,0
queko_16.qasm,2,13,28,0,16,2,12.78538812785388127853881279,1.557003975279811011156299283,0
queko_32.qasm,3,24,75,0,32,2,24.54390013458584265691485746,2.301955231085085997422901409,0
queko_64.qasm,3,56,4218,0,64,2,50.46795268790564436269255358,3.153091253811853111260001937,0
queko_8.qasm,1,6,10,1,8,2,6.638888888888888888888888889,1.158369970110724593301594763,0
radd_250.qasm,114,1210,617064208995452265808113443459006439368525949612592448755728384,0,1781,2,1443.705762403492298996015380,32.25806816622569840080366486,0
rd32_270.qasm,16,35,384,4,47,2,38.86647073342168661769676938,3.684346185730330223934246665,0
rd53_311.qasm,4,92,12582912,0,124,2,104.6589185853849042899435927,6.261046498983971861444139004,0
rd73_140.qasm,3,68,393216,16,92,4,78.84981462928208353262073244,4.108986446460640506808854823,0
rd73_252.qasm,384,1963,272128986174603211582729237089065979791779927914009918490348675767100712348389554863776615432500264566784,0,2867,2,2318.183224528343789768237223,40.17732914824138072347873809,0
rd84_142.qasm,3,81,7864320,40,110,5,94.60689695079661389432084315,4.351414267660993163768503973,0
q=6_s=49994_2qbf=01_1.qasm,4,3356,89997558436241001030921710251621495205163637407744000,0,12864,2,9902.638913925625611006952494,82.22927216932046834142540493,0
q=6_s=54_2qbf=022_1.qasm,1,9,1,0,25,2,16.31707317073170731707317073,4.091567916952654951230595296,0
q=6_s=94_2qbf=053_1.qasm,1,35,54,0,49,2,34.30457027770799552378559847,4.278231874176976750535585876,0
q=6_s=9994_2qbf=02_1.qasm,4,1328,162943542696472468907745293107200,0,3119,2,2291.497094396192696459039126,37.31554024424613290747318563,0
q=7_s=19993_2qbf=03_1.qasm,3,3637,16916206718143492677042221513831560946602996564525143967736776505696452608000000000,0,6348,2,4499.061531122784001197838321,50.63106415419501698853339152,0
q=7_s=2993_2qbf=05_1.qasm,3,942,673296940384911360000,0,1242,2,853.9092402375299359232237580,21.67480890592899778113665692,0
q=7_s=2993_2qbf=08_1.qasm,4,1438,122945190952454174434812448525516800000,0,1552,2,1061.300248665876895229687352,22.30282098996359987560968520,0
root_255.qasm,2560,5965,9940523958534662043379965982986991167013965502759378424591589767697986041340981257386247962019847111823857817101368567105100439056361981557364491524640361181593053434821361873838407535070504020429277674918492478993674380130808827493981499360465582906184629838814883947476122911414174392792175863602901097891495936,0,8835,2,7268.571243268605139856809061,68.71133880857900428388917685,0
q=7_s=39993_2qbf=09_1.qasm,5,21739,7137526796232681834565615264461999972650760049059667801928389646881030383161358795166285876696251480654128385781855447110576229139459012399823856288269925636451212427138261980160242178313481438952444226885322855515979657145525282845470881165243916769920835901737453627720341071364503265585352522452496899931312196603413514133380274800605737703242800017697415609278419252781349472837449745374588966191822691345386226545188246121066535306411758288446477078748196816428757218845627151933586993394867070645900876915292682338931613043717685097966339091811270656000000000000000000000000000000000000000000000000000,0,22633,2,15285.43881891599378075658859,85.92645705578199856401916086,0
q=7_s=53_2qbf=034_1.qasm,2,14,1,0,23,2,15.41422594142259414225941423,2.990215306754621764263366677,0
q=7_s=29993_2qbf=08_1.qasm,5,14557,547206131485071167246820701547121114008207069628058233498745119233556012596628110549014025149043338743494376629708013873800784918951961793490764251525999076029234192489719781227394507556069784124807842105454158932847934327814943395038123450158922487353430808328130349867153537702805248009262639245751643079520639005944360737887930654377724493168640000000000000000000000000000000000000000000000000000000,0,15787,2,10688.47921506834717464817422,72.82269471278277946078943112,0
q=3_s=59997_2qbf=09_1.qasm,12,54092,104377477602780948281672259902984848427025940829690233434151785611999894426532531942242767924480769986931648965324734577518519065047476433874530541153374015341473911235224567403181569897968054956714846859528478795308414568673032163600037166617002363500253635669580152313888399280608155564304896970314832242802130148448779815076582347968087363049894648184648925857410916002272985262207033491406328342749632297618689325194424872405001914409601111949312000,0,56821,2,41498.45356464005535620250875,115.6874372315919494205805406,0
q=3_s=97_2qbf=01_1.qasm,2,10,2,2,45,2,38.148437500000000000000000,3.418903889932232359417890447,0
VQEHEA1_64.qasm,1719,81,354203878600,354203878600,101,2,95.09753946287904133337388607,6.282461197329302814254209256,0
sym9_148.qasm,114,8062,3455864307566934319737965148914753915183741833225099866856311058818683958537162499397807679027073309672498904597442904229761677486432273410191097102088149289962482954162077010360732002486639790752564543584064912479349051560851937083253968287810645558114156525804764382581504487985203726340086856156581685690515545134700408102913600178435201305203991021893083736026758551526730696786753628065502443018911744,6,12087,2,9371.804236193583187573310319,95.61146952062682659134598919,0
sys6-v0_111.qasm,3,55,30720,10,75,3,64.05147420544837987265473639,3.729633737203133377822942291,0
teleportation_n3.qasm,1,2,1,0,6,3,5,1,0
toffoli_n3.qasm,3,6,4,4,12,2,8.8500000000000000000000000,1.651514456491374464771427691,0
q=17_s=59983_2qbf=03_1.qasm,3,5587,3162955204989839795884668498046257724443307231039934458540669385686017638400000000,0,9078,2,6076.214226827969072255626297,66.67759293798294205650556474,0
qaoa_128.qasm,1,430,1001429485056000,1001429485056000,647,2,462.9819604739717767656908134,14.96983796193087078030565126,0
qaoa_16.qasm,85,120,16384,16384,268,2,203.8273963275903824839422866,12.64936180899412250254418073,0
qaoa_32.qasm,221,280,1073741824,1073741824,620,2,488.6000937348359791875321471,15.10937034933890696198073607,0
z4_268.qasm,192,1112,18831305206160042291507368269622999248307066333392103538688,128,1644,2,1322.092372628564777919175065,31.70259545438018657344859008,0
qaoa_64.qasm,1,208,493713792,493713792,314,2,228.1380461201417437390093669,10.25558766242300681139292572,0
qaoa_n6.qasm,7,33,4096,4096,153,2,127.6316993103555319286929462,11.55452387274102691795624344,0
qec_en_n5.qasm,3,10,4,4,17,2,10.91836734693877551020408163,3.318696170669965364430325821,0
qec_sm_n5.qasm,3,10,4,4,17,2,10.91836734693877551020408163,3.318696170669965364430325821,0
qft_8.qasm,1,29,429,132,62,2,52.21734531993654151242728715,3.990779369423102053863940795,0
qft_n15.qasm,1,54,2971600,2971600,109,2,91.18712998976765269387570361,4.967260039337940714950733127,0
qft_n20.qasm,1,74,1910554800,1910554800,149,2,126.0901987015011209630597554,5.301178636967643203321368783,0
VQEHEA2_128.qasm,3447,20,63413744,63413744,40,2,39.98352701289043226191618879,0.1828227365261796166520119856,0
VQEHEA2_16.qasm,423,20,4693664,4693664,40,2,39.80350218886804252657911194,0.6027787423042981890255123416,0
sao2_257.qasm,1792,13209,38288002153909929906276372505368388070830132405431166744307718083101674767831652262897614549837454807618896611977756980147951396477156775313550295611861454387543561364988738296547286715753666850947130406957936420019715240533767671326197664951837547766936139899834097031577723129392088247895504149118003705212237862789603066887750093884004770850939343922705796432812939901511110939491696950585206193516303298114075533354680038863515857845339591197000364886092898938294993087164225455446036463091790508524994072714447800766072865950263541409565435910038237729254660368562643568590442319402830415171016972656235214486689267458264524834618547738780673274399579554431548556110368268615680000000000,203971779462337250790998016,19563,2,16166.07836277381277412551868,100.9766356580118617818596285,0
sat_n11.qasm,174,205,16777216,0,619,2,479.8437577932076382714094113,28.78799630825270968188350185,0
seca_n11.qasm,35,42,512,0,94,2,76.95943108494788385810976427,6.067137324902565237647371732,0
sf_274.qasm,180,300,432345564227567616,2,436,2,346.3110855749987230605521871,15.41468098325914844270807216,0
VQEHEA2_32.qasm,855,20,13082096,13082096,40,2,39.92327681677998075743614637,0.3886526783237939643720503160,0
shor_15.qasm,574,1229,8192,0,2426,2,1658.180193583015842927161472,37.42928429354687409145389989,0
VQEHEA2_64.qasm,1719,20,29859312,29859312,40,2,39.96542710719129268694576293,0.2636732890212819215633401526,0
vqe_uccsd_n4.qasm,9,87,8192,0,145,2,105.6336404555001632302655507,7.086441601279584160360045392,0
vqe_uccsd_n6.qasm,13,1046,19342813113834066795298816,9671406556917033397649408,1486,2,952.0886758634076729887652331,27.27329221743695409091439055,0
vqe_uccsd_n8.qasm,17,5446,7770675568902916283677847627294075626569627356208558085007249638955617140820833992704,3885337784451458141838923813647037813284813678104279042503624819477808570410416996352,7252,2,4314.034919074673210051675468,66.48281586557839097502505090,0
wim_266.qasm,128,352,92233720368547758080,16,514,2,403.0042224894223322389909982,18.45218296698610498082792759,0
wstate_n3.qasm,4,9,1,0,27,2,20.73885350318471337579617834,3.490015780840139038449348494,0
xor5_254.qasm,0,5,1,1,5,0,3.333333333333333333333333333,1.247219128924647128527916244,0
shor_35.qasm,284,4366,33554432,2,8736,2,5946.752060423342941975466495,72.08936108811066849499286790,0
simon_n6.qasm,36,14,4,0,39,2,31.28696925329428989751098097,3.933702785942557571845741459,0
sqn_258.qasm,786,3719,11987189230093403380394318434063870256433054342088332335413932417193457289127214614009350197699251043679850906922006068033665587768092725571507617147068722635737615505412120287615747816878656978944,0,5458,2,4358.155451402053035140604326,58.70368128674717334210530454,0
sqrt8_260.qasm,256,1121,42370436713860095155891578606651748308690899250132232962048,0,1659,2,1355.854081846439789230041356,29.82439178978600218447050583,0
squar5_261.qasm,192,720,16333553612205046246241981156724874149888,0,1049,2,849.5208294101272413107466003,23.94061669513299674266822046,0
square_root_7.qasm,6183,2520,273746437057331713118470296342017479493593710434913595834751551073956510032520643190354768679042283986718538574415664438641322283282526279895159679183332851295119680461615897004972451534796226560,4,3847,2,3070.904182870578090015341197,52.75710515123799916447495111,0
urf5_280.qasm,1290,19888,16898388461808919950242443596899184680989148571556116438478780468261030195651272097807947957871171904626222193999084744761720944222529563562598758013976911367303258964041667957328012248123525740293246993253846664436556658442634929805206598531733938700796045981776270327329507169255318726495444553735288916720668998309874701790100721227814406634240994138153119709402936400030456947708358890287791563078271368842908270232354311900353380657910316379805127562738989134972452588766426940237677885418220282879750621968877751320008337800007600603661749583410719299477299446033141666310351213410247049091215354809476101737159296104226088739634166590794032033376568327221920787898912576724203984427921298865770933229280489500125604406501761494564185239788650450124775156988851485344678458942429917582041591966371301971157362255516056980086151436987923688630954843525597744050653941599144898873962716019025773661930489082404744477692884773340475175076182729984186846406406911112317102682678782296646845871225571564217589982396182856305377902958878722581242336417958961628970671538382359756800,0,27822,2,22317.59303919515020565399784,116.8559515154708272807339946,0
variational_n4.qasm,5,12,2,2,33,2,25.0000000000000000000000,3.592331316938547560946339851,0
vbeAdder_1b.qasm,5,13,18,0,33,2,26.31746031746031746031746032,4.819310070858990954641758929,0
vbeAdder_5b.qasm,35,92,24576,0,241,2,196.5622987365883811175186497,14.83096013677303754206829184,0
VQEHEA1_128.qasm,3447,145,99089447932904,99089447932904,165,2,153.4453812177025895666734027,11.65403913309687861569684134,0
VQEHEA1_16.qasm,423,33,20756112,20756112,53,2,50.75037814849727075432404586,2.225639800305442605534410563,0
VQEHEA1_32.qasm,855,49,1992075448,1992075448,69,2,65.72776769509981851179673321,3.561687096394965536554307604,0
q=7_s=59993_2qbf=09_1.qasm,5,32514,6387477879146037786004995147725169455249713181219725549220818729034109790469182116884636841187082224269138203142175796759747903979187247693918918301434873410544315782229400300939274451215498795999994958429072872846544539122334006056235309991906925246254524289643660591430871560457320398257801724045454232750217717513649720855240257919692393881742315006857418293548454496698035040337725009353340700700048138969207032793471672256020557305116314897048068810039601087853644191689881171793275430926809628842579393027419318583490821922675961670752067901800473284892034588862107796702349325589584104155765496668278495533354119856083046746892737600880060973347529643013497392409817843387297136705739270516878998242500469510398438048919510469856288354974275558011315834732004049339767077492162000914370702402536686520778029531136000000000000000000000000000000000000000000000000000000000000000000000000000000000000000000000000000000000000,0,33807,2,22874.24260041627937361167782,104.9398768063398583689886492,0
q=7_s=93_2qbf=054_1.qasm,2,34,8,4,43,2,29.20630253079090125957486438,3.681896742366680144637154203,0
q=7_s=993_2qbf=081_1.qasm,3,475,7421703487488,0,510,2,351.2709280069025605093972517,13.07226315454151696745370542,0
q=8_s=19992_2qbf=02_1.qasm,4,2194,402866801713001838787993431328413450240000,0,4888,2,3512.747492935802256104012818,47.99607731626986719397248531,0
q=8_s=2992_2qbf=01_1.qasm,3,142,960,0,580,2,441.6592497116481573501663313,18.88854705469795648507987443,0
q=8_s=2992_2qbf=03_1.qasm,3,457,54358179840,0,819,2,577.3865817782437674006403209,18.46727839427774194132601092,0
q=8_s=29992_2qbf=05_1.qasm,4,8290,1005898650417435884982440787498638613152917720072904265634502151234731373440863920791840267153631635538711102805931509303415935140337516207481285813419549991524017758622452750735087027929026134016000000000000000000000,0,10963,2,7500.849529796939202237890069,65.21083821570235802425165900,0
plus63mod4096_163.qasm,560,48265,252571055344065968971880141178826779013382256501713894020273856192202857108179373783756356999662889749611559144306978174741131581084898817102263006828378348788712972542743479158195564725387445748595236286667711744919017540619133243112522314260070102285807049298300512544457634061548429621364557501622961469633752439999368471719148564035018595740205637617786505436498731858762071392348285649804724384495151840732875462559448300103735476320011662065112809085962539265639258746478953593565240191742557533035915762720150053546018495463499022067721717178241917210316902566369585071574900903406077311823550195878330359199570539165715163985702577458457525417889115280403413995446948810630075641248032334839301215269620379856222875340907787065511638304343432053225314385534153385373950626933809516605405004449728563004333555549646918438757515023010799421345663277285455375706167543137532819307470554580029499987709456103005211096842021916310279595640360942274934833949786076547835635542783035657862513859541882253636457225256845345735736396485536139327417441821215013513611895342607621112236082058432681985829419419616847527292714545912333441077616502039568772174409029006114168348765615060073547599763717112160960939570779034691379602603874060643177114310600416976410656859457845939838398267290411281089585671146839961925048232130510092017188732468154808924164093775416242299448707992599051746173309005282156417139894377593974685340698720587360696213906645564709334442726123816868699045057049840041784072434409643308586281216309809487886056286769913722628517238841095830625658569840335450312860164848842538471828495656724745644016023364093136053132410778310457857370882407602753832844835335466671000274857787312660327723094745745099580203262573662583893650227908263845293817454388365164522801018256461475873488197483400120849005666662654098973827406167323441942312172242415993169063988600791977878563353972208619169588770459438720552985574029008797081044460134525289604492910117528568422338079387097848046044125043947818020500496068807529878617502636163905517744907903798167286419896112498117697015518274920768061187865468793827028628925190652697143123638365301791680201948046064908284079341057817729839459346327227902117928128357219724115107805206944487381175781151919896377008232626920193480582538110173518739454243765533503767386897211887717829245169333249683260921340880098130174805023762865292906758330044905767665976438386551675106141219752410873856,4096,72246,2,59475.45630229810560310554297,195.9312595156976904628101266,0
q=8_s=39992_2qbf=08_1.qasm,5,17608,23418664234191321168424539149735603746649170174441753144010043921004493271367515432386037644246534684825108953278958527756172660549980034394672937073778305184017003129181609808082785786507633335707227695250075494992123222190930467764056407199854821253656571314623676284326393956324761421716543915920004175956356030948214895653422945284636301857345984857445243338904106272193848606066914590481339910614539315078583676543854472450255142725858922541875200000000000000000000000000000000000000000000,0,19026,2,12804.80868534046462235090281,81.12147767442664442390231448,0
q=8_s=49992_2qbf=09_1.qasm,4,24816,821344103781285109184805036181797903654575639355212995345589222486180212472958490315140495286739794302879918992561131630033617913710752342383257388357384540977025462193792989321390105754556612184139086787896387121930733561324384136462922147151809835779575127402393396439144477955590326512634436012039756755323794288668382198767438908211693301137643920038577365535777298657293465893905374523123384008086640893197097101870250294236590893385517868736817646434782607055687375515500285139585080047632194948421583270838686681674723888034580543909947916298838404671914460691747348371157817976747948927230567813575576361260784963446374400000000000000000000000000000000000000000000000000000000000000000000,0,25735,2,17251.39172522282358920080838,93.46187950492255115908899754,0
qft_q128.qasm,3,16257,1,1,32769,2,28684.45023850046599052497751,48.09466512889472564411523601,0
qft_q16.qasm,3,241,1,1,513,2,432.5082362145599993050200608,17.53931936907803213852991995,0
qft_q32.qasm,3,993,1,1,2049,2,1780.450241934252230064432804,20.12700717110408612285112320,0
qft_q64.qasm,3,4033,1,1,8193,2,7164.450238500465993676752228,28.01957911640575662063615853,0
